Configuracion,mantenimientoDeTeslas.c,mantenimientoDeTeslasBarrera.c,mantenimientoDeTeslasCondicion.c,mantenimientoDeTeslasEspera.c
100C-5E-3CPE,0.10831141471862793,30.986831617355346,0.10845384597778321,30.482696056365967
10C-5E-3CPE,0.10837531089782715,4.738105154037475,0.10870461463928223,4.468309783935547
500C-5E-3CPE,0.10761380195617676,149.43362812995912,0.10874810218811035,147.8929151058197
