Configuracion,mantenimientoDeTeslas.c,mantenimientoDeTeslasBarrera.c,mantenimientoDeTeslasCondicion.c,mantenimientoDeTeslasEspera.c
100C-5E-3CPE,0.0078125,29.305926339285712,0.0078125,19.265835763488862
10C-5E-3CPE,0.0078125,3.4652539062499996,0.0078125,3.4279296875
500C-5E-3CPE,0.0078125,33.91559715294332,0.0078125,18.390927223726706
