Configuracion,mantenimientoDeTeslas.c,mantenimientoDeTeslasBarrera.c,mantenimientoDeTeslasCondicion.c,mantenimientoDeTeslasEspera.c
100C-5E-3CPE,9242.348511817116,401.1278071266408,9229.976799137195,34958.67586721979
10C-5E-3CPE,931.9842987342365,22.74116574664862,929.1660753974769,23.309465477397055
500C-5E-3CPE,46472.76504571998,2196.3709090355173,45989.29037068124,176286.81226374672
