Configuracion,mantenimientoDeTeslas.c,mantenimientoDeTeslasBarrera.c,mantenimientoDeTeslasCondicion.c,mantenimientoDeTeslasEspera.c
100C-5E-3CPE,10.075673601447878,0.7016169090699627,10.22344876844784,42.05809182004738
10C-5E-3CPE,3.222445114816633,0.12678376898647262,2.720756315959416,0.15851555238192944
500C-5E-3CPE,36.92110841123749,4.053636635141152,33.20096164262469,360.51484782505497
