Configuracion,mantenimientoDeTeslas.c,mantenimientoDeTeslasBarrera.c,mantenimientoDeTeslasCondicion.c,mantenimientoDeTeslasEspera.c
100C-5E-3CPE,0.11260895729064942,30.797169494628907,0.11072173118591308,30.40775113105774
10C-5E-3CPE,0.11218008995056153,4.033351564407349,0.11145706176757812,4.618152046203614
500C-5E-3CPE,0.13337316513061523,148.55193028450012,0.11304183006286621,150.0584244251251
