Configuracion,mantenimientoDeTeslas.c,mantenimientoDeTeslasBarrera.c,mantenimientoDeTeslasCondicion.c,mantenimientoDeTeslasEspera.c
100C-5E-3CPE,0.0078125,29.72817866343446,0.0078125,18.492646729390678
10C-5E-3CPE,0.0078125,3.076015625,0.0078125,3.43478515625
500C-5E-3CPE,0.230859375,33.558382341068146,0.0078125,19.853705893286747
