Configuracion,mantenimientoDeTeslas.c,mantenimientoDeTeslasBarrera.c,mantenimientoDeTeslasCondicion.c,mantenimientoDeTeslasEspera.c
100C-5E-3CPE,15.274120567763102,1.2462006951918343,14.978246003992883,74.14670333873235
10C-5E-3CPE,4.7650199790000665,0.19708968312823522,4.3844698107356646,0.14607817105760432
500C-5E-3CPE,68.23168430595247,6.674827605508595,53.94494496375954,347.6889130293235
