Configuracion,mantenimientoDeTeslas.c,mantenimientoDeTeslasBarrera.c,mantenimientoDeTeslasCondicion.c,mantenimientoDeTeslasEspera.c
100C-5E-3CPE,8895.222441129144,402.7185445590516,9041.532761036298,33950.88240631706
10C-5E-3CPE,900.4681294111666,25.04122357848517,906.6248867837363,22.942354064584727
500C-5E-3CPE,40222.85609161188,2210.8238442640927,44376.105703807596,174720.432423472
